User Id,Username,Comment Id,Comment Text,Profile URL,Profile Pic URL,Date
374727789,muhammadarridha_assegaf,1.79457E+16,"@nnang_ibrahimkr info nama petugas dan ss chat ke admin @posindonesia.ig ,noted",https://www.instagram.com/muhammadarridha_assegaf,https://instagram.fsub21-1.fna.fbcdn.net/v/t51.2885-19/436335525_951310203667546_978141062793072462_n.jpg,"5/26/2024, 11:10:48 PM"
54016400785,almizan2602,1.80305E+16,@ekamarianasari itu mah mending kemarin ada yang pake sepatu dimintain pajak beacukai padahal tu sepatu dipake dan udah lama juga dibeli ğŸ˜‚,https://www.instagram.com/almizan2602,https://instagram.fsub21-1.fna.fbcdn.net/v/t51.2885-19/446335396_309869968843577_6003278893378854767_n.jpg,"5/27/2024, 2:41:20 AM"
59478387838,sambel_kacang20milyar,1.80801E+16,@posindonesia.ig kalau ga bisa ngasih solusi ngapain nanya nanya ? Blok,https://www.instagram.com/sambel_kacang20milyar,https://instagram.fsub21-1.fna.fbcdn.net/v/t51.2885-19/447925578_782715547283818_1072266667652450480_n.jpg,"5/27/2024, 3:07:15 AM"
63541755815,losmambos2,1.79942E+16,@posindonesia.ig percuma minta maaf ga di maafin,https://www.instagram.com/losmambos2,https://instagram.fdel25-2.fna.fbcdn.net/v/t51.2885-19/44884218_345707102882519_2446069589734326272_n.jpg,"5/27/2024, 6:56:26 AM"
3086145890,posindonesia.ig,1.80308E+16,"Halo, Sahabat. Mohon maaf atas kendalanya. Mohon diinformasikan nomor resi kirimannya via DM untuk kami bantu cek lebih lanjut. -Asa",https://www.instagram.com/posindonesia.ig,https://instagram.fsub21-1.fna.fbcdn.net/v/t51.2885-19/402795281_670286768419221_8122495213780320429_n.jpg,"5/27/2024, 6:58:25 AM"
49653912249,fit.ri5906,1.79187E+16,"Minimal berguna dikit lah, rampok elite wkwk",https://www.instagram.com/fit.ri5906,https://instagram.fsub21-1.fna.fbcdn.net/v/t51.2885-19/446103799_1182362549444086_6490949561142062365_n.jpg,"5/27/2024, 8:23:46 AM"
56953152426,aulia.1171,1.79765E+16,Bea cukai jn ky KIREEEeeekkkk,https://www.instagram.com/aulia.1171,https://instagram.fsub21-1.fna.fbcdn.net/v/t51.2885-19/441432240_953583229783283_7667524967596246032_n.jpg,"5/27/2024, 9:27:15 PM"
56953152426,aulia.1171,1.80216E+16,Ketok ra kuat tku gombalan kro badokan. Nimbuni brg e PMI ngge op njjl. Omgo lek ngin tk wei. Ojo ky maling rugi lekmu sholat centak centuk atine ky kirek,https://www.instagram.com/aulia.1171,https://instagram.fsub21-1.fna.fbcdn.net/v/t51.2885-19/441432240_953583229783283_7667524967596246032_n.jpg,"5/27/2024, 9:28:53 PM"
56953152426,aulia.1171,1.80574E+16,Njaluk golek e DUKUN mgo2 gudange sk kryawane sing nimbun brgQ b3n modarrrrrr n3k njero gudang,https://www.instagram.com/aulia.1171,https://instagram.fsub21-1.fna.fbcdn.net/v/t51.2885-19/441432240_953583229783283_7667524967596246032_n.jpg,"5/27/2024, 9:30:00 PM"
56953152426,aulia.1171,1.80795E+16,Spo2 sing nimbun brgQ nglmatttt ciloko nek ndunyo ws to tk sedakne uripe gur musibahhhh tok,https://www.instagram.com/aulia.1171,https://instagram.fsub21-1.fna.fbcdn.net/v/t51.2885-19/441432240_953583229783283_7667524967596246032_n.jpg,"5/27/2024, 9:33:06 PM"
56953152426,aulia.1171,1.80279E+16,Cukai ndancuk i tnanğŸ”¥ğŸ”¥ğŸ”¥ğŸ”¥ğŸ”¥,https://www.instagram.com/aulia.1171,https://instagram.fsub21-1.fna.fbcdn.net/v/t51.2885-19/441432240_953583229783283_7667524967596246032_n.jpg,"5/27/2024, 9:34:18 PM"
2019528311,lubs_photoworks,1.79773E+16,@andraledas mereka udh kecanduan makan uang haram.. kita tungguin aja mrk kena laknat,https://www.instagram.com/lubs_photoworks,https://instagram.fsub21-1.fna.fbcdn.net/v/t51.2885-19/51439663_2195626050691734_6818988398968045568_n.jpg,"5/28/2024, 6:33:21 PM"
40817526860,dmsktprsty,1.80408E+16,Bea Cukimai,https://www.instagram.com/dmsktprsty,https://instagram.fsub21-1.fna.fbcdn.net/v/t51.2885-19/446237914_458748156703002_4962806155992032789_n.jpg,"5/29/2024, 10:10:22 AM"
65163813879,ninih.mimi,1.80187E+16,@andraledas sebenarnya kita rakyat sedang di jajah bangsanya sendiri .. semua instansi pemerintah ga ada yg bener aturanya amburadul tdk ada yg berpihak ke rakyatnya lebih ke merampok harta rakyat .,https://www.instagram.com/ninih.mimi,https://instagram.fsub21-1.fna.fbcdn.net/v/t51.2885-19/431903640_2270712319926479_6337473456097615635_n.jpg,"5/29/2024, 12:29:49 PM"
65163813879,ninih.mimi,1.80465E+16,"=""Ga ada instansi negara yg aturannya bikin rakyatnya merasa bangga kebanyakan membenci bnagsa sendiri ktn semua aturan pemerintah lebih ke pemerasan kepada rakyat  ga ada aturan yg ber0ihak ke rakyat semuanya lebih memikirkan perut pejabat dan karyawan n",https://www.instagram.com/ninih.mimi,https://instagram.fsub21-1.fna.fbcdn.net/v/t51.2885-19/431903640_2270712319926479_6337473456097615635_n.jpg,"5/29/2024, 12:33:17 PM"
66783577996,canny_cannie,1.84132E+16,@akhi_way kak km tau artinya cukai gak sih? ğŸ˜© orang tuamu kirim kurma apa rokok? huuft. Banyak baca dulu plis ğŸ˜­,https://www.instagram.com/canny_cannie,https://instagram.fdel25-2.fna.fbcdn.net/v/t51.2885-19/44884218_345707102882519_2446069589734326272_n.jpg,"5/29/2024, 2:21:08 PM"
2592132497,iqbalare,1.78805E+16,"Pak, paket saya dari jepang kenapa blom sampe ya? Udah hampir 7 bulan loh katanya ketahan bea cukai. Tolong lahh saya kan pekerja migran, katanya kalo ngirim ke indo di permudah?? Mana bukti nya?? Citra buruk udah melekat banget di bea cukai, wkwk.",https://www.instagram.com/iqbalare,https://instagram.fsub21-1.fna.fbcdn.net/v/t51.2885-19/365473348_1684751931952974_5623837621764043723_n.jpg,"5/29/2024, 8:05:57 PM"
3086145890,posindonesia.ig,1.79793E+16,Hai Sahabat Pos Indonesia. Mohon maaf atas ketidaknyamanannya. Boleh diinformasikan untuk nomor barcode/resi kirimannya Sahabat melewati DM kami? -Gara,https://www.instagram.com/posindonesia.ig,https://instagram.fsub21-1.fna.fbcdn.net/v/t51.2885-19/402795281_670286768419221_8122495213780320429_n.jpg,"5/29/2024, 8:19:33 PM"
2592132497,iqbalare,1.80064E+16,@posindonesia.ig oke min saya kirim di dm yaa,https://www.instagram.com/iqbalare,https://instagram.fsub21-1.fna.fbcdn.net/v/t51.2885-19/365473348_1684751931952974_5623837621764043723_n.jpg,"5/29/2024, 8:33:21 PM"
3086145890,posindonesia.ig,1.80084E+16,Baik Sahabat Pos. -Gara,https://www.instagram.com/posindonesia.ig,https://instagram.fsub21-1.fna.fbcdn.net/v/t51.2885-19/402795281_670286768419221_8122495213780320429_n.jpg,"5/29/2024, 8:54:41 PM"
4304627242,jayaa2205,1.80209E+16,"=""Saya sebelum pulang kirim cargo ke indonesia dari jepang, sudah 3 buln sampai sekarang saya sudah pulang di indonesia kirim lewat jasa Cargo katanya masih menunggu antrean pemeriksaan bea cukai, padahal isinya barang bekas pakai semua, selama itukah pem",https://www.instagram.com/jayaa2205,https://instagram.fsub21-1.fna.fbcdn.net/v/t51.2885-19/260450192_291412386211871_7470607736132391363_n.jpg,"5/29/2024, 9:36:44 PM"
3086145890,posindonesia.ig,1.80441E+16,Hai Sahabat mohon diinformasikan untuk nomor barcode kirimannya melalui DM? -Rendi,https://www.instagram.com/posindonesia.ig,https://instagram.fsub21-1.fna.fbcdn.net/v/t51.2885-19/402795281_670286768419221_8122495213780320429_n.jpg,"5/29/2024, 9:41:54 PM"
44925972646,jefri.paud,1.78547E+16,"Boss tolong bedain barang yg buat bisnis sama barang buat oleh2 keluarga,kami TKI bukan pedagang,kami beli oleh2 pake duit hasil kerja,jangan dikenakan cukai.",https://www.instagram.com/jefri.paud,https://instagram.fsub21-1.fna.fbcdn.net/v/t51.2885-19/181166271_213339363930112_1149015884261828382_n.jpg,"5/30/2024, 11:19:50 AM"
3086145890,posindonesia.ig,1.78597E+16,"Hai, Sahabat. Mohon maaf, sebagai informasi bahwa Sahabat dapat akses https://www.posindonesia.co.id/id/pages/aturan-import untuk info terkait ketentuan barang impor ya :) -Lili",https://www.instagram.com/posindonesia.ig,https://instagram.fsub21-1.fna.fbcdn.net/v/t51.2885-19/402795281_670286768419221_8122495213780320429_n.jpg,"5/30/2024, 11:28:09 AM"
186523615,umareummss,1.82549E+16,"=""@beacukairi saya  sedang hadapi ini sekarang. Diminta uang dan trf ke rekening. Sila bantu baca msg saya di inbox. Barang TKW saya jadi mangsa. Semua bukan barang baru, barang yang mahu dibuang tapi TKW saya sayang dan minta hantarkan ke kampung. Sudah ",https://www.instagram.com/umareummss,https://instagram.fsub21-1.fna.fbcdn.net/v/t51.2885-19/281869391_335590201927480_7491176754274017752_n.jpg,"5/31/2024, 5:08:57 PM"
7858080737,trirahayu73,1.79587E+16,"Bea cukai pegaweine maleng kabeh masak ngecek di odol"" gak PP pak tapi harus utuh lagi barang e jangan di colong kembalikan lagi seperti semula malah di colong",https://www.instagram.com/trirahayu73,https://instagram.fdel25-2.fna.fbcdn.net/v/t51.2885-19/44884218_345707102882519_2446069589734326272_n.jpg,"5/31/2024, 5:16:30 PM"
3086145890,posindonesia.ig,1.80326E+16,"Halo Sahabat Pos.
Mohon maaf atas ketidaknyamanan sebelumnya ya.
Boleh diinformasikan untuk nomor resi kirimannya Sahabat? -Bryan",https://www.instagram.com/posindonesia.ig,https://instagram.fsub21-1.fna.fbcdn.net/v/t51.2885-19/402795281_670286768419221_8122495213780320429_n.jpg,"5/31/2024, 5:30:20 PM"
7858080737,trirahayu73,1.80495E+16,"=""@posindonesia.ig Indonesia cintaq memang kekurangan orang amanah dalam berkerja was pada boleh tapi yg mbok jangan di persulit buat di kasih saudara cuma barang bekas ko di ambilin  ini yg bikin warga Indonesia pada benci ma pegawai pemerintah  pada GK ",https://www.instagram.com/trirahayu73,https://instagram.fdel25-2.fna.fbcdn.net/v/t51.2885-19/44884218_345707102882519_2446069589734326272_n.jpg,"5/31/2024, 7:38:28 PM"
3086145890,posindonesia.ig,1.80217E+16,"Terkait pengaduan kirimannya, boleh diinformasikan untuk nomor resi kirimannya Sahabat? Agar dapat kami lakukan investigasi terlebih dahulu. -Bryan",https://www.instagram.com/posindonesia.ig,https://instagram.fsub21-1.fna.fbcdn.net/v/t51.2885-19/402795281_670286768419221_8122495213780320429_n.jpg,"5/31/2024, 7:51:55 PM"
241451258,hawwinmardhiana,1.79433E+16,"Halo min, mhasiswa saya mendapatkan hadiah merchandise karena berhasil terpilih menjadi selected volunter dalam acara conference IEEE di Shanghai. Tetapi tertahan dan harus membayar taxes kurang lebih 600rb. Info dong min probis penyelesaiannya. Thanks",https://www.instagram.com/hawwinmardhiana,https://instagram.fsub21-1.fna.fbcdn.net/v/t51.2885-19/436308311_1810208526167759_5131207756804497469_n.jpg,"5/31/2024, 9:12:49 PM"
3086145890,posindonesia.ig,1.78661E+16,Halo Sahabat. Boleh diinformasikan untuk nomor resi kirimannya kami bantu cek terlebih dahulu. -Kibo,https://www.instagram.com/posindonesia.ig,https://instagram.fsub21-1.fna.fbcdn.net/v/t51.2885-19/402795281_670286768419221_8122495213780320429_n.jpg,"5/31/2024, 9:30:15 PM"
241451258,hawwinmardhiana,1.79246E+16,@posindonesia.ig cek dm ya min,https://www.instagram.com/hawwinmardhiana,https://instagram.fsub21-1.fna.fbcdn.net/v/t51.2885-19/436308311_1810208526167759_5131207756804497469_n.jpg,"5/31/2024, 9:52:25 PM"
3086145890,posindonesia.ig,1.7926E+16,Halo Sahabat untuk DM nya sudah kami respon ya. Silakan untuk dicek kembali :) -Kibo,https://www.instagram.com/posindonesia.ig,https://instagram.fsub21-1.fna.fbcdn.net/v/t51.2885-19/402795281_670286768419221_8122495213780320429_n.jpg,"5/31/2024, 10:01:41 PM"
7858080737,trirahayu73,1.80315E+16,@posindonesia.ig di kirim ke inbox pa no resinya ... Jan jancukkk i ko bea cukai Ki,https://www.instagram.com/trirahayu73,https://instagram.fdel25-2.fna.fbcdn.net/v/t51.2885-19/44884218_345707102882519_2446069589734326272_n.jpg,"5/31/2024, 11:35:47 PM"
3086145890,posindonesia.ig,1.78686E+16,"Halo Sahabat, akan segera kami cek. Mohon ditunggu ya :) -Kibo",https://www.instagram.com/posindonesia.ig,https://instagram.fsub21-1.fna.fbcdn.net/v/t51.2885-19/402795281_670286768419221_8122495213780320429_n.jpg,"5/31/2024, 11:44:54 PM"
53598580038,ogocajume,1.8001E+16,@pakarbeacukai matamu yg wajar,https://www.instagram.com/ogocajume,https://instagram.fsub21-1.fna.fbcdn.net/v/t51.2885-19/401532495_242775291894479_3283859743826766779_n.jpg,"6/1/2024, 3:48:46 AM"
39149563214,sejuk_61,1.78867E+16,Mohon info biaya pengiriman haji dari Mekah ke Purbalingga Jawa Tengah,https://www.instagram.com/sejuk_61,https://instagram.fsub21-1.fna.fbcdn.net/v/t51.2885-19/265536838_601590944473050_5604625877801440976_n.jpg,"6/2/2024, 7:35:55 PM"
3086145890,posindonesia.ig,1.786E+16,"Hai Sahabat, untuk biaya pengiriman yaitu 22 real/kg. Informasi lebih jelasnya Sahabat dapat konfirmasi kepada nomor Whatsapp yaitu:
+966550364866
+966550276658
+966551868311

Terima kasih -Romy",https://www.instagram.com/posindonesia.ig,https://instagram.fsub21-1.fna.fbcdn.net/v/t51.2885-19/402795281_670286768419221_8122495213780320429_n.jpg,"6/2/2024, 7:54:49 PM"
3950303879,rizkifauzii,1.82384E+16,"@bakoelantahes_ nyusahin aja, gede bgt tagihannya.",https://www.instagram.com/rizkifauzii,https://instagram.fdel25-2.fna.fbcdn.net/v/t51.2885-19/44884218_345707102882519_2446069589734326272_n.jpg,"6/2/2024, 8:31:27 PM"
5525655129,bakoelantahes_,1.80152E+16,@rizkifauzii hahhaha iklas gak iklas mas kiraiin 500 san sampek rumah ternyata cukai 400 lebih ğŸ¥¹,https://www.instagram.com/bakoelantahes_,https://instagram.fsub21-1.fna.fbcdn.net/v/t51.2885-19/336811454_1167240273984681_7382420055777046240_n.jpg,"6/2/2024, 8:35:09 PM"
3950303879,rizkifauzii,1.80251E+16,"=""@bakoelantahes_ klo emg segitu ga make sense bgt sih, hampir sm kaya harga barang, aneh bgt. Dipikir nyari duit gampang apa ya? Enak bgt minta tagihan segitu. Mereka enak tinggal matok harga, kita yg kerja/jualan, nyari uang segitu, harus capek2 banting",https://www.instagram.com/rizkifauzii,https://instagram.fdel25-2.fna.fbcdn.net/v/t51.2885-19/44884218_345707102882519_2446069589734326272_n.jpg,"6/2/2024, 10:17:42 PM"
5525655129,bakoelantahes_,1.80101E+16,"@rizkifauzii sependapat mass, sekarang aja cari uang susah , jualan thrift sepi jualan kopi saya sepi jugaaa ğŸ˜­ğŸ˜­ğŸ˜­",https://www.instagram.com/bakoelantahes_,https://instagram.fsub21-1.fna.fbcdn.net/v/t51.2885-19/336811454_1167240273984681_7382420055777046240_n.jpg,"6/2/2024, 10:19:13 PM"
3950303879,rizkifauzii,1.7845E+16,@andraledas nyusahin bgt,https://www.instagram.com/rizkifauzii,https://instagram.fdel25-2.fna.fbcdn.net/v/t51.2885-19/44884218_345707102882519_2446069589734326272_n.jpg,"6/2/2024, 10:20:27 PM"
3950303879,rizkifauzii,1.80334E+16,"@bakoelantahes_ buat kita, masyarakat sipil, cari yg halal2 aja deh, meskipun kadang sepi, selama ttp ikhtiar, insyaallah akan dimudahkan rezeki.",https://www.instagram.com/rizkifauzii,https://instagram.fdel25-2.fna.fbcdn.net/v/t51.2885-19/44884218_345707102882519_2446069589734326272_n.jpg,"6/2/2024, 10:25:46 PM"
5525655129,bakoelantahes_,1.80835E+16,@rizkifauzii siap masss mau menyerah ini udah kek diujung tombakk ğŸ˜­,https://www.instagram.com/bakoelantahes_,https://instagram.fsub21-1.fna.fbcdn.net/v/t51.2885-19/336811454_1167240273984681_7382420055777046240_n.jpg,"6/2/2024, 10:26:43 PM"
2218570719,tiodorlina_situngkir,1.83081E+16,Saya dapat wa mengatas namakan pihak bea cukai. Mengatakan paket saya tertahan oleh pihak bea cukai dengan menggunakan no hp pribadi. Dan disuru bayar pajak sebanyak 5 juta,https://www.instagram.com/tiodorlina_situngkir,https://instagram.fsub21-1.fna.fbcdn.net/v/t51.2885-19/441539480_805203438161364_1361692894875020710_n.jpg,"6/8/2024, 2:21:25 PM"
3086145890,posindonesia.ig,1.80709E+16,"Halo Sahabat Pos. Kami bantu pengecekan lebih lanjut, apakah tersedia nomor barcode atau resi kirimannya? -Livy",https://www.instagram.com/posindonesia.ig,https://instagram.fsub21-1.fna.fbcdn.net/v/t51.2885-19/402795281_670286768419221_8122495213780320429_n.jpg,"6/8/2024, 2:33:43 PM"
2218570719,tiodorlina_situngkir,1.78511E+16,@posindonesia.ig tidak dapat resi pak,https://www.instagram.com/tiodorlina_situngkir,https://instagram.fsub21-1.fna.fbcdn.net/v/t51.2885-19/441539480_805203438161364_1361692894875020710_n.jpg,"6/8/2024, 2:34:45 PM"
3086145890,posindonesia.ig,1.80466E+16,"=""ohon berhati-hati ya. Apabila Sahabat tidak merasa membeli atau menunggu kiriman dan tidak ada nomor barcode atas nama Sahabat, mohon untuk diabaikan. Sebagai informasi, website resmi Pos Indonesia hanya www.posindonesia.co.id. 

Sahabat dapat melaporka",https://www.instagram.com/posindonesia.ig,https://instagram.fsub21-1.fna.fbcdn.net/v/t51.2885-19/402795281_670286768419221_8122495213780320429_n.jpg,"6/8/2024, 2:36:59 PM"
48734277508,underrated_rot,1.84356E+16,"YA EMANG BUDAYA KITA KAN PUNGLI DAN KORUPSI, SYARAT MASUK SURGA KAN HARUS PUNGLI DAN KORUPSI",https://www.instagram.com/underrated_rot,https://instagram.fsub21-1.fna.fbcdn.net/v/t51.2885-19/320740840_161193706654260_3021894691476457967_n.jpg,"5/23/2024, 10:20:19 AM"
6145663094,yunianjr,1.83113E+16,"Paket barang ibukku dr bulan maret sampai saat ini blm datang, pdhl isinya baju buat ganti waktu cuti, sampai ibukku dah balik lagi dah kerja lagiğŸ˜‚ paketannya blm ada tanda tanda datang",https://www.instagram.com/yunianjr,https://instagram.fsub21-1.fna.fbcdn.net/v/t51.2885-19/377808847_834461678347136_1259479270815715251_n.jpg,"5/23/2024, 10:22:20 AM"
3086145890,posindonesia.ig,1.80279E+16,"Mohon maaf atas kendala yang dialami, mohon diinformasikan nomor resi kirimannya untuk kami bantu pengecekan terlebih dahulu. -Tami",https://www.instagram.com/posindonesia.ig,https://instagram.fsub21-1.fna.fbcdn.net/v/t51.2885-19/402795281_670286768419221_8122495213780320429_n.jpg,"5/23/2024, 10:30:14 AM"
1990040858,ainidmonica,1.78517E+16,"@posindonesia.ig diaz diaz, ga berkah hidup lu",https://www.instagram.com/ainidmonica,https://instagram.fsub21-1.fna.fbcdn.net/v/t51.2885-19/422005458_1345757212805539_347151257542705297_n.jpg,"5/23/2024, 10:51:30 AM"
49010990203,ninos2gd,1.79066E+16,Saya bawa mesin hitung uang dr cina utk pakai sendiri tetap kena pajak.. semua di pajakin,https://www.instagram.com/ninos2gd,https://instagram.fsub21-1.fna.fbcdn.net/v/t51.2885-19/316000542_209366751516882_8600319363760564548_n.jpg,"5/23/2024, 11:15:26 AM"
7222501744,gd_balloon,1.80127E+16,@kathryn_panjaitan mbuk bayar??,https://www.instagram.com/gd_balloon,https://instagram.fsub21-1.fna.fbcdn.net/v/t51.2885-19/323005836_470374638594996_4001346111616822857_n.jpg,"5/23/2024, 2:34:53 PM"
5375534710,zlyp21,1.80422E+16,"Cermati pala lu, tuh ditanyain kemana koinya medy renaldy tuh, cermati bapak lu peang.",https://www.instagram.com/zlyp21,https://instagram.fsub21-1.fna.fbcdn.net/v/t51.2885-19/437659688_778607174247468_8334717772434458082_n.jpg,"5/23/2024, 3:48:25 PM"
54223492506,jerremyxnml,1.78646E+16,Bea cukai lucu ya sekarangğŸ˜‚ğŸ˜‚,https://www.instagram.com/jerremyxnml,https://instagram.fsub21-1.fna.fbcdn.net/v/t51.2885-19/435362348_7573422142720747_8157057903565406410_n.jpg,"5/23/2024, 4:55:15 PM"
16584874837,yusman3744,1.79865E+16,@thathachann baju bekas impor mah bukan barang sitaan bea cukai. Itu selundupan ğŸ¤£,https://www.instagram.com/yusman3744,https://instagram.fsub21-1.fna.fbcdn.net/v/t51.2885-19/441221289_317444504780144_1209855937133015942_n.jpg,"5/23/2024, 5:54:47 PM"
16584874837,yusman3744,1.80365E+16,"@maskriyox jangan disamain ngab, anak sama rokok atau ciu ğŸ˜‚ karena yang kena cukai mah cuma hasil tembakau, miras, sama etil alkohol. Ahelah, minimal tau bedanya",https://www.instagram.com/yusman3744,https://instagram.fsub21-1.fna.fbcdn.net/v/t51.2885-19/441221289_317444504780144_1209855937133015942_n.jpg,"5/23/2024, 5:58:59 PM"
9122956341,thathachann,1.80384E+16,"=""@yusman3744 saya ada bukti chat dr pihak penyalur paket low kalau brgQ melebihi batas ,kalau mau ambil suruh hbgi pihak bea cukai, pdhl bea cukai ngasih batasan pengiriman brg tidak boleh LBH dr 500 USD ,sedangkan brgQ ajja cuma 400hk dolar Bambang itu ",https://www.instagram.com/thathachann,https://instagram.fsub21-1.fna.fbcdn.net/v/t51.2885-19/446335616_1186884625804188_7368078752518160585_n.jpg,"5/23/2024, 5:59:30 PM"
235680209,arfiannr87,1.78741E+16,"@nnang_ibrahimkr 100% penipuan, segala bentuk pembayaran pajak pakainya kode billing. Kecuali pajak kendaraan bermotor bisa langsung ke Samsat pakai uang tunai.",https://www.instagram.com/arfiannr87,https://instagram.fsub21-1.fna.fbcdn.net/v/t51.2885-19/15258681_1131324233581827_5040339577227706368_a.jpg,"5/23/2024, 6:41:03 PM"
61241299418,grace88810,1.80102E+16,Mau paket maju mundur cantik temenku dah 5 bulan sampai lengket semua tuh coklat ğŸ˜‚ğŸ˜‚ğŸ˜‚,https://www.instagram.com/grace88810,https://instagram.fsub21-1.fna.fbcdn.net/v/t51.2885-19/365450482_264584699697778_2478098375552717008_n.jpg,"5/23/2024, 7:01:40 PM"
3086145890,posindonesia.ig,1.8034E+16,"Hai Sahabat Pos Indonesia. Jika ada kendala terkait kiriman Sahabat kami akan bantu, silakan kirimkan chat via DM ya. -Gara",https://www.instagram.com/posindonesia.ig,https://instagram.fsub21-1.fna.fbcdn.net/v/t51.2885-19/402795281_670286768419221_8122495213780320429_n.jpg,"5/23/2024, 7:18:59 PM"
5340482585,hbbnfth10_,1.78441E+16,Mending bubarin aja dah wkwkwkw tmn gua beeli sepatu dari German pas masuk sini parah pajaknya seharga avanza lama bekas,https://www.instagram.com/hbbnfth10_,https://instagram.fsub21-1.fna.fbcdn.net/v/t51.2885-19/447681648_882377017251543_152171757861855273_n.jpg,"5/23/2024, 9:02:04 PM"
3086145890,posindonesia.ig,1.79251E+16,"Hai Sahabat, mohon maaf atas ketidaknyamanannya. Untuk kendala kiriman akan kami bantu lakukan pengecekan, boleh diinformasikan untuk nomor barcode/resi kirimannya Sahabat? -Romy",https://www.instagram.com/posindonesia.ig,https://instagram.fsub21-1.fna.fbcdn.net/v/t51.2885-19/402795281_670286768419221_8122495213780320429_n.jpg,"5/23/2024, 9:11:08 PM"
8524447092,sidhilaksono,1.79096E+16,@andraledas @endinnokik.md ğŸ¤”,https://www.instagram.com/sidhilaksono,https://instagram.fsub21-1.fna.fbcdn.net/v/t51.2885-19/75439568_942822049432040_2022108385784102912_n.jpg,"5/23/2024, 9:46:16 PM"
53247558700,kwenvernico,1.78818E+16,Rokok murah di Kaltim merajai yang rugi negara yang kaya oknum ğŸ˜‚,https://www.instagram.com/kwenvernico,https://instagram.fsub21-1.fna.fbcdn.net/v/t51.2885-19/324699240_5875373809164911_1481550985443137708_n.jpg,"5/24/2024, 6:29:53 AM"
4917379716,edofaishal,1.80913E+16,@posindonesia.ig lempar lemparan ini mah ğŸ˜­ğŸ˜‚ğŸ˜‚ kerja nya ngapain aja siii,https://www.instagram.com/edofaishal,https://instagram.fsub21-1.fna.fbcdn.net/v/t51.2885-19/423277857_399209462600867_425721846554091938_n.jpg,"5/24/2024, 8:37:38 AM"
3086145890,posindonesia.ig,1.80153E+16,"Halo, Sahabat. Mohon maaf atas kendalanya. Boleh diinformasikan nomor barcode atau resi kirimannya untuk kami bantu cek lebih lanjut? -Asa",https://www.instagram.com/posindonesia.ig,https://instagram.fsub21-1.fna.fbcdn.net/v/t51.2885-19/402795281_670286768419221_8122495213780320429_n.jpg,"5/24/2024, 8:47:05 AM"
55354054418,pakar__ytta,1.80192E+16,@farida_sholichah kan emang bott,https://www.instagram.com/pakar__ytta,https://instagram.fsub21-1.fna.fbcdn.net/v/t51.2885-19/445523070_1097333924896083_3737272923906406075_n.jpg,"5/24/2024, 10:08:04 AM"
2415679801,rifkydery,1.81088E+16,"@andraledas pihak hotel udah kasi pelayanan terbaik, eh di pihak kita ngasih pelayanan terburuk",https://www.instagram.com/rifkydery,https://instagram.fsub21-1.fna.fbcdn.net/v/t51.2885-19/283803027_724340582242917_6820548882432260076_n.jpg,"5/24/2024, 11:48:01 AM"
4087930984,nguyen.id,1.79062E+16,Lama banget barang gue return to sender ke indonesia buat balik ke orang rumah aja lama dari tgl 16 ampe sekarang mandeg tuh.,https://www.instagram.com/nguyen.id,https://instagram.fsub21-1.fna.fbcdn.net/v/t51.2885-19/444840040_1949859268818230_3230940910529626415_n.jpg,"5/24/2024, 1:42:21 PM"
3086145890,posindonesia.ig,1.82295E+16,"=""Mohon maaf atas ketidaknyamanannya mengenai kendala proses kiriman Sahabat. Saat ini kiriman tersebut masih dalam follow up kami lebih lanjut ke bagian terkait untuk dimaksimalkan prosesnya. Mohon menunggu informasi terbarunya, Sahabat. Sahabat dapat me",https://www.instagram.com/posindonesia.ig,https://instagram.fsub21-1.fna.fbcdn.net/v/t51.2885-19/402795281_670286768419221_8122495213780320429_n.jpg,"5/24/2024, 1:56:57 PM"
5370828984,kathryn_panjaitan,1.8002E+16,"@gd_balloon yha bayar lah, sesuai aturan. Moso meh g tak bayar. Kek jaman kere dulu ğŸ¤¦ğŸ»â€â™€ï¸",https://www.instagram.com/kathryn_panjaitan,https://instagram.fsub21-1.fna.fbcdn.net/v/t51.2885-19/285539395_1350103975476127_2143608353742862399_n.jpg,"5/24/2024, 2:03:46 PM"
1912590331,zakki_difzhi,1.7878E+16,"Udah dapat berapa, pak?",https://www.instagram.com/zakki_difzhi,https://instagram.fsub21-1.fna.fbcdn.net/v/t51.2885-19/383345771_699604115123442_7133332201325009497_n.jpg,"5/24/2024, 11:43:55 PM"
1572193837,g0dd3ssbal1,1.83102E+16,"=""@beacukairi Hallo, saya mau tanya/klarifikasi. Apakah  fasilitas bebas bea cukai utk barang2 pindahan untuk mereka2 yg sudah selesai study/tugas di luar negeri dan balik pulang ke Indo saja? Saya ex-WNI tinggal di Amerika yg berencana mau pensiun di Ind",https://www.instagram.com/g0dd3ssbal1,https://instagram.fsub21-1.fna.fbcdn.net/v/t51.2885-19/1660422_363624887149893_245243576_a.jpg,"5/25/2024, 5:35:52 AM"
1360156480,katrina.mundung,1.84324E+16,"=""@posindonesia.ig intinya sekarang udah tau cara main kalian pengen barang mahal tapi hasil jarahan tau banget kalian jadiin pajak tinggi biar barangnya kalian pakai kan idih dasar ngj tau malu guna apa sekolah tinggi tapi ujung nya kerja nya sama jadi p",https://www.instagram.com/katrina.mundung,https://instagram.fsub21-1.fna.fbcdn.net/v/t51.2885-19/363487963_318913787158148_132914195305198323_n.jpg,"5/25/2024, 8:48:43 AM"
3086145890,posindonesia.ig,1.80786E+16,"Halo Sahabat, mohon maaf Pos Indonesia hanya sebagai jasa pendistribusian kiriman saja. Untuk penentuan dan penetapan nilai pajak merupakan kewenangan dari pihak Bea Cukai ya :) -Yura",https://www.instagram.com/posindonesia.ig,https://instagram.fsub21-1.fna.fbcdn.net/v/t51.2885-19/402795281_670286768419221_8122495213780320429_n.jpg,"5/25/2024, 9:04:39 AM"
1360156480,katrina.mundung,1.78643E+16,@posindonesia.ig emang iya kalau barang ngk berhasil kirim kalian tanggung Jawab ngk kan ngk usah sok polos bilang ngk pake alah itu cerita lama udah ketahuan kalian pengen gaya tapi hasil rampasan ih ngk modal sihh,https://www.instagram.com/katrina.mundung,https://instagram.fsub21-1.fna.fbcdn.net/v/t51.2885-19/363487963_318913787158148_132914195305198323_n.jpg,"5/25/2024, 9:09:26 AM"
1394520455,ekamarianasari,1.79056E+16,@andraledas ini kasus tergblk beacukai sih,https://www.instagram.com/ekamarianasari,https://instagram.fsub21-1.fna.fbcdn.net/v/t51.2885-19/429912853_402894695759797_139775783238931885_n.jpg,"5/25/2024, 1:56:23 PM"
11467265144,rangkapatah,1.81518E+16,"Niat kolaborasi posid ikut kena, astaga kasihan posid",https://www.instagram.com/rangkapatah,https://instagram.fsub21-1.fna.fbcdn.net/v/t51.2885-19/430002177_3760266860919235_5719334821684085854_n.jpg,"5/25/2024, 2:14:30 PM"
46841779639,4nthony_wijaya,1.79262E+16,"Bea cukai klo kerja benar, berdampak positif kepada Indonesia, klo kerja gak Benar merusak ekonomi negara.. stop jadi mafia/preman barang masuk...",https://www.instagram.com/4nthony_wijaya,https://instagram.fsub21-1.fna.fbcdn.net/v/t51.2885-19/293342091_319210580331717_658201435417839178_n.jpg,"5/25/2024, 4:19:53 PM"
64140858610,ysrmlna,1.80194E+16,WHYYYY,https://www.instagram.com/ysrmlna,https://instagram.fsub21-1.fna.fbcdn.net/v/t51.2885-19/444152160_965735095041940_5871202126174763468_n.jpg,"5/25/2024, 4:49:26 PM"
48051522237,golddiandikag,1.79962E+16,Rampok,https://www.instagram.com/golddiandikag,https://instagram.fsub21-1.fna.fbcdn.net/v/t51.2885-19/187808628_284793586680568_1238473253482461019_n.jpg,"5/25/2024, 7:29:41 PM"
48051522237,golddiandikag,1.83431E+16,@bakoelantahes_ ngpain klarifikasi ke rampok ğŸ˜‚,https://www.instagram.com/golddiandikag,https://instagram.fsub21-1.fna.fbcdn.net/v/t51.2885-19/187808628_284793586680568_1238473253482461019_n.jpg,"5/25/2024, 7:30:22 PM"
48051522237,golddiandikag,1.79995E+16,"Beli obat ketahan bea cukai, pasien meninggal, beacukai ga ambil andil ğŸ˜‚ lwack.. rampok",https://www.instagram.com/golddiandikag,https://instagram.fsub21-1.fna.fbcdn.net/v/t51.2885-19/187808628_284793586680568_1238473253482461019_n.jpg,"5/25/2024, 7:31:13 PM"
47341892722,netizenyinyir,1.80076E+16,Lowongan buzzer BC masih ada ga ya? Gua udah baca2 aturan & undang2 biar bisa intelek balesin komen2 netizen,https://www.instagram.com/netizenyinyir,https://instagram.fixe1-1.fna.fbcdn.net/v/t51.2885-19/44884218_345707102882519_2446069589734326272_n.jpg,"5/25/2024, 10:11:05 PM"
1645472604,rifqy_46,1.7966E+16,Mendingan @beacukairi dibubarin aja,https://www.instagram.com/rifqy_46,https://instagram.fsub21-1.fna.fbcdn.net/v/t51.2885-19/147988954_117083230319929_9082425297994939056_n.jpg,"5/25/2024, 11:15:50 PM"
4166755980,palaeo1234,1.80318E+16,Nanti dr luar negeri pakai sempak aja.,https://www.instagram.com/palaeo1234,https://instagram.fsub21-1.fna.fbcdn.net/v/t51.2885-19/15306112_1307193942687319_4852901904440623104_a.jpg,"5/26/2024, 12:53:00 AM"
1616184770,prasantosa,1.84369E+16,barang yang tertahan di beacukai trus diapakan??ada batas waktunya??klo lewat batas waktu bagaimana??,https://www.instagram.com/prasantosa,https://instagram.fsub21-1.fna.fbcdn.net/v/t51.2885-19/367930912_753822789850595_3087324995225048213_n.jpg,"5/26/2024, 3:23:15 AM"
3086145890,posindonesia.ig,1.80533E+16,"Hai Sahabat, mohon maaf atas ketidaknyamanannya. Bisa diinformasikan terlebih dahulu untuk nomor resi kirimannya :) -Jaya",https://www.instagram.com/posindonesia.ig,https://instagram.fsub21-1.fna.fbcdn.net/v/t51.2885-19/402795281_670286768419221_8122495213780320429_n.jpg,"5/26/2024, 3:37:36 AM"
58253860351,tao_khenoi,1.79965E+16,@edofaishal lempar2 an ğŸ˜‚ğŸ˜‚ğŸ˜‚ğŸ˜‚,https://www.instagram.com/tao_khenoi,https://instagram.fsub21-1.fna.fbcdn.net/v/t51.2885-19/333975919_141026748879460_6320794698739931310_n.jpg,"5/26/2024, 1:05:24 PM"
2191388064,dina_jendul,1.79136E+16,Paket saya dari luar negeri sudah 2bulan masih di bea cukai belum keluar. Kira kira apa masih lama proses di bea cukai?,https://www.instagram.com/dina_jendul,https://instagram.fsub21-1.fna.fbcdn.net/v/t51.2885-19/130466832_868996700532175_2851215357823387785_n.jpg,"5/26/2024, 6:42:38 PM"
3086145890,posindonesia.ig,1.80086E+16,"Halo Sahabat. Mohon maaf atas ketidaknyamannya, boleh diinformasikan untuk nomor resi kirimannya kami bantu pengecekan? -Kibo",https://www.instagram.com/posindonesia.ig,https://instagram.fsub21-1.fna.fbcdn.net/v/t51.2885-19/402795281_670286768419221_8122495213780320429_n.jpg,"5/26/2024, 6:49:19 PM"
2191388064,dina_jendul,1.81305E+16,@dina_jendul 1831941,https://www.instagram.com/dina_jendul,https://instagram.fsub21-1.fna.fbcdn.net/v/t51.2885-19/130466832_868996700532175_2851215357823387785_n.jpg,"5/26/2024, 7:05:25 PM"
3086145890,posindonesia.ig,1.80262E+16,"Mohon dapat diinformasikan nomor resi kiriman yang diawali 2 huruf, 9 angka kemudian 2 huruf kembali Sahabat :) -Harry",https://www.instagram.com/posindonesia.ig,https://instagram.fsub21-1.fna.fbcdn.net/v/t51.2885-19/402795281_670286768419221_8122495213780320429_n.jpg,"5/26/2024, 7:12:12 PM"
2162466470,_idris.r,1.80316E+16,@h_tanto24 bayar lg itu ğŸ˜‚,https://www.instagram.com/_idris.r,https://instagram.fsub21-1.fna.fbcdn.net/v/t51.2885-19/352253762_2889961974468392_5180526473685301730_n.jpg,"5/22/2024, 6:37:01 AM"
24046443111,h_tanto24,1.78712E+16,@_idris.r  kasih tikus,https://www.instagram.com/h_tanto24,https://instagram.fsub21-1.fna.fbcdn.net/v/t51.2885-19/444143973_3681821248758873_5887752932598590305_n.jpg,"5/22/2024, 6:47:41 AM"
56013933948,ongkywibowoh,1.8061E+16,yaelah bcot,https://www.instagram.com/ongkywibowoh,https://instagram.fsub21-1.fna.fbcdn.net/v/t51.2885-19/327112261_972697570396097_618582264959822395_n.jpg,"5/22/2024, 8:40:08 AM"
2098075966,armando2k12,1.79244E+16,ğŸ˜‚,https://www.instagram.com/armando2k12,https://instagram.fsub21-1.fna.fbcdn.net/v/t51.2885-19/408127160_1509288423254769_7522097296563752407_n.jpg,"5/22/2024, 9:09:04 AM"
,,,,,,
User Id,Username,Comment Id,Comment Text,Profile URL,Profile Pic URL,Date
1256127893,whyu_qiu,18015267419519058,Karna Harga ikan kerapu Dihongkong sangatlah mahal ..biasanya dapat imporan dari Filiphina  sekarang dari Indonesia Yuk beli Kerapu Di hongkong untuk di steam dg minyak daun bawang dan kecap asin ğŸ¤¤ğŸ¤¤ğŸ¤¤ğŸ¤¤,https://www.instagram.com/whyu_qiu,https://instagram.fsub21-1.fna.fbcdn.net/v/t51.2885-19/418074861_917397836525941_6533238359658399445_n.jpg,"6/8/2024, 8:37:03 PM"
49315347374,pendampingekosistem,18040764358872459,Halo admin mohon izin bertanya Saya berencana belanja produk elektronik di @amazon agar Barang saya tidak tertahan dan aman ketika mau melewati pemeriksaan Apa sajakah prosedur yang harus saya penuhi ? Terimakasih @beacukairi,https://www.instagram.com/pendampingekosistem,https://instagram.fsub21-1.fna.fbcdn.net/v/t51.2885-19/399664427_236817576080473_4628499999091101028_n.jpg,"6/8/2024, 9:00:20 PM"
2261103786,arkhanjoyza,17889725064027933,"Rekapan masyarakat SDM rendah kemakan framing dan fitnah:
1. Kasus pelecehan seksual JIS
2. Kasus penganiayaan Audrey
3.  Kasus pelecehan seksual Gofar
4. Kasus peti jenazah Bea Cukai
5. Kasus Satpam pukul anjing",https://www.instagram.com/arkhanjoyza,https://instagram.fsub21-1.fna.fbcdn.net/v/t51.2885-19/426374052_903522334898982_6274591694728071172_n.jpg,"6/9/2024, 1:27:16 AM"
52178912,tjahyadimichael,17962733810765163,"Semoga semua uang ""pelayanannya"" masuk ke negara kita Indonesia tercinta ğŸ™",https://www.instagram.com/tjahyadimichael,https://instagram.fsub21-1.fna.fbcdn.net/v/t51.2885-19/347857662_6384146498314895_3177018442162101550_n.jpg,"6/9/2024, 2:55:01 AM"
47865683977,aldi_muhammad28029,17892003020960100,"@beacukairi elehhh gak ada rakyat yang percaya institusi lu LG bro, bea cukai institusi paling di benci di Indonesia",https://www.instagram.com/aldi_muhammad28029,https://instagram.fsub21-1.fna.fbcdn.net/v/t51.2885-19/447959620_998773011616008_763305047761204645_n.jpg,"6/9/2024, 8:19:14 AM"
7998081067,didiknyatidurr,17892621012020413,Duit nih cair,https://www.instagram.com/didiknyatidurr,https://instagram.fsub21-1.fna.fbcdn.net/v/t51.2885-19/447197010_806666784737684_7229946695736944355_n.jpg,"6/9/2024, 10:05:16 AM"
21287177227,najmil_40,17880865953013259,@beacukairi alahh mbuh wes karepmu,https://www.instagram.com/najmil_40,https://instagram.fsub21-1.fna.fbcdn.net/v/t51.2885-19/434164951_804323474879188_3215355609251484324_n.jpg,"6/9/2024, 11:02:25 AM"
3965556447,elizqueensha,17870022792069396,Bagai mana dg cargo saya yg masih di tahan di pelabuhan surabaya udah 6 bulan dari abudhabi tujuan cianjur jawa barat jasa kirim frico cargo,https://www.instagram.com/elizqueensha,https://instagram.fsub21-1.fna.fbcdn.net/v/t51.2885-19/432570120_2729706573852521_4040075403538646682_n.jpg,"6/9/2024, 5:04:53 PM"
6658187371,figryawan.bayu,17990305460653806,Instansi sarang koruptor,https://www.instagram.com/figryawan.bayu,https://instagram.fsub21-1.fna.fbcdn.net/v/t51.2885-19/275172875_357484279575353_1727244645967318460_n.jpg,"6/9/2024, 8:52:55 PM"
8092132204,a.rizdaputra,18340999477116687,"Min nanya dong, barang masuk 14jt tuh kok pajaknya 4jt ya? Kok ga masuk akal ya?",https://www.instagram.com/a.rizdaputra,https://instagram.fsub21-1.fna.fbcdn.net/v/t51.2885-19/399615497_661925149100533_1789701016138228831_n.jpg,"6/9/2024, 9:29:54 PM"
58566210740,gendoworbewok,18022763045269392,@gusyono2005 buzzer nya kok kabur ?,https://www.instagram.com/gendoworbewok,https://instagram.fsub21-1.fna.fbcdn.net/v/t51.2885-19/447985098_1190436225294784_2629056640670568645_n.jpg,"6/9/2024, 10:47:55 PM"
4151652100,ryan_dabo,17967234785621988,"bea cukai rasa kang palak ,najis",https://www.instagram.com/ryan_dabo,https://instagram.fsub21-1.fna.fbcdn.net/v/t51.2885-19/61946975_2388678894741188_2828403270572048384_n.jpg,"6/9/2024, 11:22:55 PM"
2366499935,zlq02_,17984673953520186,"@gendoworbewok maklum, liat cctv tpi ga baca berita @gusyono2005 ngotak buzzer",https://www.instagram.com/zlq02_,https://instagram.fsub21-1.fna.fbcdn.net/v/t51.2885-19/425718021_1171737427129022_7874373683283586858_n.jpg,"6/10/2024, 12:12:19 AM"
61050954786,rayayayagra,18434853202017712,"Tukang Palak ,sama loh kayak Preman pasar tapi katanya aja lebih eliteğŸ˜‚",https://www.instagram.com/rayayayagra,https://instagram.furt3-1.fna.fbcdn.net/v/t51.2885-19/44884218_345707102882519_2446069589734326272_n.jpg,"6/10/2024, 1:48:33 AM"
23812303854,andhika_wiratanu,17845476663236272,@beacukairi BACOT,https://www.instagram.com/andhika_wiratanu,https://instagram.fsub21-1.fna.fbcdn.net/v/t51.2885-19/417947555_1024353031999839_2898142306729343721_n.jpg,"6/10/2024, 2:49:41 AM"
23812303854,andhika_wiratanu,17851507374213771,BACOTğŸ˜‚,https://www.instagram.com/andhika_wiratanu,https://instagram.fsub21-1.fna.fbcdn.net/v/t51.2885-19/417947555_1024353031999839_2898142306729343721_n.jpg,"6/10/2024, 2:49:54 AM"
6838320461,aglansantoso,18052070782638619,@nurullashary update info blok. Biar gk malu2in diri sendiri,https://www.instagram.com/aglansantoso,https://instagram.fsub21-1.fna.fbcdn.net/v/t51.2885-19/447577161_1506933886561394_9032923109748212222_n.jpg,"6/10/2024, 6:54:05 AM"
6838320461,aglansantoso,17850724593216050,@langitkalasenjaaa ah bacot lu.,https://www.instagram.com/aglansantoso,https://instagram.fsub21-1.fna.fbcdn.net/v/t51.2885-19/447577161_1506933886561394_9032923109748212222_n.jpg,"6/10/2024, 6:54:35 AM"
6838320461,aglansantoso,18031412965885730,Update info blok. Biar gk malu2in diri sendkri,https://www.instagram.com/aglansantoso,https://instagram.fsub21-1.fna.fbcdn.net/v/t51.2885-19/447577161_1506933886561394_9032923109748212222_n.jpg,"6/10/2024, 6:54:57 AM"
2272651801,dewimn09,18047414740697974,Sbg diver saya sedih lihatnya,https://www.instagram.com/dewimn09,https://instagram.fsub21-1.fna.fbcdn.net/v/t51.2885-19/240535241_558879065556914_2009671649527530182_n.jpg,"6/10/2024, 6:56:16 AM"
6838320461,aglansantoso,18109574071382650,@aldi_muhammad28029 kayak situ ada yg percaya aja -_-? Kayak situ paling dicinta aja ? Yaelah tong... lagak luğŸ˜‚,https://www.instagram.com/aglansantoso,https://instagram.fsub21-1.fna.fbcdn.net/v/t51.2885-19/447577161_1506933886561394_9032923109748212222_n.jpg,"6/10/2024, 7:03:11 AM"
53854972994,langitkalasenjaaa,18101333284411680,@aglansantoso hari gini masih belain beacukai fix lu buzzer ğŸ˜‚ğŸ˜‚,https://www.instagram.com/langitkalasenjaaa,https://instagram.fsub21-1.fna.fbcdn.net/v/t51.2885-19/441173094_1887899638321039_8953080600593249649_n.jpg,"6/10/2024, 7:11:03 AM"
53854972994,langitkalasenjaaa,17862224256158636,@aglansantoso hari gini masih belain beacukai fix buzzerğŸ˜‚ğŸ˜‚,https://www.instagram.com/langitkalasenjaaa,https://instagram.fsub21-1.fna.fbcdn.net/v/t51.2885-19/441173094_1887899638321039_8953080600593249649_n.jpg,"6/10/2024, 7:11:27 AM"
6838320461,aglansantoso,18027509239945988,@langitkalasenjaaa nah ini . Kebiasaan buzzer konoha. Buzzer teriak buzzer ğŸ˜‚,https://www.instagram.com/aglansantoso,https://instagram.fsub21-1.fna.fbcdn.net/v/t51.2885-19/447577161_1506933886561394_9032923109748212222_n.jpg,"6/10/2024, 7:12:49 AM"
53854972994,langitkalasenjaaa,18051715159709172,@aglansantoso oiihh sorry saya bukan buzzerğŸ˜‚,https://www.instagram.com/langitkalasenjaaa,https://instagram.fsub21-1.fna.fbcdn.net/v/t51.2885-19/441173094_1887899638321039_8953080600593249649_n.jpg,"6/10/2024, 7:14:08 AM"
6838320461,aglansantoso,17925933326870955,@langitkalasenjaaa gk ada buzzer yang ngaku buzzer. Msh ada lowongn jd buzz3r j4stipers gk mw bayar pajak? Brp cuannya?,https://www.instagram.com/aglansantoso,https://instagram.fsub21-1.fna.fbcdn.net/v/t51.2885-19/447577161_1506933886561394_9032923109748212222_n.jpg,"6/10/2024, 7:16:16 AM"
53854972994,langitkalasenjaaa,18014218046159911,@aglansantoso ya sama lu juga ga bakal ngaku wkwkwk,https://www.instagram.com/langitkalasenjaaa,https://instagram.fsub21-1.fna.fbcdn.net/v/t51.2885-19/441173094_1887899638321039_8953080600593249649_n.jpg,"6/10/2024, 7:19:34 AM"
6838320461,aglansantoso,18127541356355591,@langitkalasenjaaa ah bacot lu tong. Kabarin yah klo ade j4stipers buka lowongan jd buÅºz3rs. Kali gw dapet cuan kayak lu,https://www.instagram.com/aglansantoso,https://instagram.fsub21-1.fna.fbcdn.net/v/t51.2885-19/447577161_1506933886561394_9032923109748212222_n.jpg,"6/10/2024, 7:22:44 AM"
53854972994,langitkalasenjaaa,18042577288879216,@aglansantoso minta ja sama beacukai kan lu dibayar mereka,https://www.instagram.com/langitkalasenjaaa,https://instagram.fsub21-1.fna.fbcdn.net/v/t51.2885-19/441173094_1887899638321039_8953080600593249649_n.jpg,"6/10/2024, 7:24:37 AM"
6838320461,aglansantoso,18068612218521569,@langitkalasenjaaa becuk kagak ada duitnya tong. ğŸ˜‚ miskin mereka. Gk mw pakai buzz3rs,https://www.instagram.com/aglansantoso,https://instagram.fsub21-1.fna.fbcdn.net/v/t51.2885-19/447577161_1506933886561394_9032923109748212222_n.jpg,"6/10/2024, 7:25:41 AM"
6838320461,aglansantoso,17851876242210495,@langitkalasenjaaa gw ceemburu ma lu tong. Dibayar banyak kayanya jd buzz3rs j4stipers. Bagi2lah tong rejekiğŸ˜‚,https://www.instagram.com/aglansantoso,https://instagram.fsub21-1.fna.fbcdn.net/v/t51.2885-19/447577161_1506933886561394_9032923109748212222_n.jpg,"6/10/2024, 7:26:16 AM"
53854972994,langitkalasenjaaa,17866214244119186,@aglansantoso waduhhh masak sih ga ada duit kemarin gamis 200 dipajak 9jt masa ga ada duit ğŸ˜‚,https://www.instagram.com/langitkalasenjaaa,https://instagram.fsub21-1.fna.fbcdn.net/v/t51.2885-19/441173094_1887899638321039_8953080600593249649_n.jpg,"6/10/2024, 7:29:47 AM"
53854972994,langitkalasenjaaa,18022797293189094,"@aglansantoso kok lu tau, pasti dibrifing dulu ya sama beacukai ğŸ˜‚ğŸ˜‚",https://www.instagram.com/langitkalasenjaaa,https://instagram.fsub21-1.fna.fbcdn.net/v/t51.2885-19/441173094_1887899638321039_8953080600593249649_n.jpg,"6/10/2024, 7:33:32 AM"
6838320461,aglansantoso,17948435633799822,"=""@langitkalasenjaaa kenapa gw tahu? Karena sblm gw pgn jd buzz3ra j4stipers gw udh cari info dulu. Mana info yang benar dan salah. Kan malu2in nanti serang becuk tentang info ternyata salah seperti antum.  Yaelah, masa tata krama buzz3rs j4stipers kagak ",https://www.instagram.com/aglansantoso,https://instagram.fsub21-1.fna.fbcdn.net/v/t51.2885-19/447577161_1506933886561394_9032923109748212222_n.jpg,"6/10/2024, 7:38:55 AM"
3503422295,ramajanuaarr,17927133632791563,tukaang palak,https://www.instagram.com/ramajanuaarr,https://instagram.fsub21-1.fna.fbcdn.net/v/t51.2885-19/440690670_407286362093008_7683389433394932054_n.jpg,"6/10/2024, 7:39:18 AM"
6838320461,aglansantoso,18187919497288167,@aglansantoso lu asik orang nya tong. Masukin gw komunitas jd buzzers j4stipers gk mw bayar paajk dong. Pgn kayak lu gwğŸ˜¢,https://www.instagram.com/aglansantoso,https://instagram.fsub21-1.fna.fbcdn.net/v/t51.2885-19/447577161_1506933886561394_9032923109748212222_n.jpg,"6/10/2024, 7:40:13 AM"
53854972994,langitkalasenjaaa,18269970190231541,@aglansantoso kok bisa buzzer teriak buzzer ğŸ˜‚,https://www.instagram.com/langitkalasenjaaa,https://instagram.fsub21-1.fna.fbcdn.net/v/t51.2885-19/441173094_1887899638321039_8953080600593249649_n.jpg,"6/10/2024, 7:43:17 AM"
6838320461,aglansantoso,17863087821155400,@langitkalasenjaaa buzzer teriak buzzer ğŸ˜¢,https://www.instagram.com/aglansantoso,https://instagram.fsub21-1.fna.fbcdn.net/v/t51.2885-19/447577161_1506933886561394_9032923109748212222_n.jpg,"6/10/2024, 7:49:59 AM"
8192294068,jastip_joger,18445075963032410,Aku jualan baju india import.pajak bbrp th blkgan naik 2x.knpndr China murah2 aja lancar2aja.blm LG pas priksa sampai mrusak bajunya sobek..hati2 kenapan kan rugi jadinya ga BS dijual bajunya cacat.,https://www.instagram.com/jastip_joger,https://instagram.fsub21-1.fna.fbcdn.net/v/t51.2885-19/47272711_2274560816113548_2476244183120084992_n.jpg,"6/10/2024, 7:52:36 AM"
5005282681,chintyafidella,18062832535565845,Rakyat makan ikan asin....sanfat bagus untuk kesehatan...ğŸ‘ğŸ‘ğŸ‘,https://www.instagram.com/chintyafidella,https://instagram.fsub21-1.fna.fbcdn.net/v/t51.2885-19/428133108_774182237379814_5010830647789979311_n.jpg,"6/10/2024, 8:22:20 AM"
53957399474,shiroyshaa,18031339993886806,cara palak orang gimana ya?,https://www.instagram.com/shiroyshaa,https://instagram.fsub21-1.fna.fbcdn.net/v/t51.2885-19/447961715_450678704363701_7930085994184998214_n.jpg,"6/10/2024, 12:13:17 PM"
31924941938,gurunya_guru,17856823281145059,Bea cukai ğŸ˜‚,https://www.instagram.com/gurunya_guru,https://instagram.fsub21-1.fna.fbcdn.net/v/t51.2885-19/120512752_804912566949584_2704635579482277202_n.jpg,"6/10/2024, 12:19:12 PM"
33541447185,faray_yyy,18038609425760513,#bubarkanbeacukai,https://www.instagram.com/faray_yyy,https://instagram.fsub21-1.fna.fbcdn.net/v/t51.2885-19/440666063_287543787738797_8512858043603377316_n.jpg,"6/10/2024, 1:03:48 PM"
52695121244,arfa123356,17954254220790096,"@langitkalasenjaaa yg percaya cuma pegawainya, kerabat dan kroni2nyağŸ˜‚ğŸ˜‚ğŸ˜‚, khan mereka kemaren mau nge hire influencer 100 juta buat ngembaliin kepercayaan rakyat tpi sayang di cepuin bimağŸ˜‚ğŸ˜‚ğŸ˜‚",https://www.instagram.com/arfa123356,https://instagram.furt3-1.fna.fbcdn.net/v/t51.2885-19/44884218_345707102882519_2446069589734326272_n.jpg,"6/10/2024, 1:11:16 PM"
55490610781,valen.legalight_,18058481200535099,"@nine_el96 diserang akun buzzer ya bang wkakakak, ngakak sumpah baca balesan nya",https://www.instagram.com/valen.legalight_,https://instagram.fsub21-1.fna.fbcdn.net/v/t51.2885-19/423340413_3699770153626837_5888179645442681394_n.jpg,"6/10/2024, 1:53:19 PM"
53854972994,langitkalasenjaaa,17876714184037318,@rinomarcell buzzer,https://www.instagram.com/langitkalasenjaaa,https://instagram.fsub21-1.fna.fbcdn.net/v/t51.2885-19/441173094_1887899638321039_8953080600593249649_n.jpg,"6/8/2024, 7:06:05 AM"
53854972994,langitkalasenjaaa,18042847114706447,Kalian masih percaya beacukai ??,https://www.instagram.com/langitkalasenjaaa,https://instagram.fsub21-1.fna.fbcdn.net/v/t51.2885-19/441173094_1887899638321039_8953080600593249649_n.jpg,"6/8/2024, 7:06:23 AM"
3882043975,rinomarcell,18033698764994629,"@langitkalasenjaaa biasalah iq78, dikasih literasi menolak, gk spndapat dikatain buzzer",https://www.instagram.com/rinomarcell,https://instagram.fsub21-1.fna.fbcdn.net/v/t51.2885-19/440413697_401116732719429_390612100322075868_n.jpg,"6/8/2024, 7:07:09 AM"
2133500710,agungdwijatmiko,18005364761532843,tukang palak,https://www.instagram.com/agungdwijatmiko,https://instagram.fsub21-1.fna.fbcdn.net/v/t51.2885-19/438826433_967860954414583_3058673866279825438_n.jpg,"6/8/2024, 7:13:16 AM"
45054648248,rahasiahatie,17998910792395410,"lohhhhh ,,, gamisss harga belinya 200 ribu terus denda e 9juta ğŸ˜‚ğŸ˜‚ğŸ˜‚ğŸ˜‚ğŸ˜‚ kami ini BABUUUUUUU,ya mosok di palakkkk rekkkkj ğŸ˜‚ğŸ˜‚ğŸ˜‚ koclokkkkkk ae nek emang koyok iki",https://www.instagram.com/rahasiahatie,https://instagram.fsub21-1.fna.fbcdn.net/v/t51.2885-19/133070192_839691543485958_1114371136186105664_n.jpg,"6/8/2024, 7:16:34 AM"
4247305597,ryannandapd,18020927756515850,@nine_el96 lah itu postingannya kan kerja. Gimana deh? ğŸ˜‚ğŸ˜‚ğŸ˜‚,https://www.instagram.com/ryannandapd,https://instagram.fsub21-1.fna.fbcdn.net/v/t51.2885-19/440386882_1680526359356450_4026756294274793016_n.jpg,"6/8/2024, 7:27:04 AM"
2223696953,logicalmind012,17848252716200514,"@nugrohoputrautama basi beritalo, jelas penipuan masih aja dipercaya. Jangan asal jeplak",https://www.instagram.com/logicalmind012,https://instagram.fsub21-1.fna.fbcdn.net/v/t51.2885-19/342539168_747178790432084_4711467169186399050_n.jpg,"6/8/2024, 7:31:28 AM"
2223696953,logicalmind012,17964699572750027,Wih ada pantia surga,https://www.instagram.com/logicalmind012,https://instagram.fsub21-1.fna.fbcdn.net/v/t51.2885-19/342539168_747178790432084_4711467169186399050_n.jpg,"6/8/2024, 7:31:58 AM"
388429211,ani_lestari77,17890975368034987,@nugrohoputrautama makanya jgn bohong hahaha,https://www.instagram.com/ani_lestari77,https://instagram.fsub21-1.fna.fbcdn.net/v/t51.2885-19/66477893_476165752950671_6390000781906411520_n.jpg,"6/8/2024, 7:40:32 AM"
3882043975,rinomarcell,18032635900859919,"@rahasiahatie malu atuhh komen beginian tapi kegocek grgr baca headline berita doang. Itutuh penipuan mengatasnamakan becuk,, mbak ' eğŸ˜­ skrg kalo nyerna berita ditelaah sampe hbs dulu yuk baru komen",https://www.instagram.com/rinomarcell,https://instagram.fsub21-1.fna.fbcdn.net/v/t51.2885-19/440413697_401116732719429_390612100322075868_n.jpg,"6/8/2024, 7:56:41 AM"
3882043975,rinomarcell,18338441851140075,"@deardeer_lia udh baca berita yg bener lom? Ato cm kegocek headline berita? Udah biasa si, kan emg warga berflower indo minim literasi",https://www.instagram.com/rinomarcell,https://instagram.fsub21-1.fna.fbcdn.net/v/t51.2885-19/440413697_401116732719429_390612100322075868_n.jpg,"6/8/2024, 7:58:49 AM"
4831317,ssiiggiitt1978,18441984433047839,selamat pagi buzzer â˜•ï¸,https://www.instagram.com/ssiiggiitt1978,https://instagram.fsub21-1.fna.fbcdn.net/v/t51.2885-19/435901267_230512163483261_7190146781013917402_n.jpg,"6/8/2024, 8:42:51 AM"
45054648248,rahasiahatie,18047542837775707,"@rinomarcell laaa terus knp ,,, missss yuni juga koar""  berita ini  sampek seluruh hk  kami"" BABUUUUU ...pada,ngeri semua dgn DENDA itu ....",https://www.instagram.com/rahasiahatie,https://instagram.fsub21-1.fna.fbcdn.net/v/t51.2885-19/133070192_839691543485958_1114371136186105664_n.jpg,"6/8/2024, 8:43:44 AM"
3882043975,rinomarcell,18038608147906221,"@rahasiahatie yakin udh baca rulesnya dan liat 2 POV? Kalok barang bekas nekat dikirim ya emaang kena denda congg, itu udh aturan dari permendag tapi. Kecuali antum2 mau ngurus ke KJRI (surat pimdahan) baru ga kena denda",https://www.instagram.com/rinomarcell,https://instagram.fsub21-1.fna.fbcdn.net/v/t51.2885-19/440413697_401116732719429_390612100322075868_n.jpg,"6/8/2024, 8:45:54 AM"
3882043975,rinomarcell,18047088244696057,"@rahasiahatie jangan2 tipikal berita security mukul anjg, grgr anjg gigit kucing. Tapi securitynya dihujat warga indo sampe dipecat. Hhhhh akibat selalu kegocek potongan video yg ditampilin/headline bwrita",https://www.instagram.com/rinomarcell,https://instagram.fsub21-1.fna.fbcdn.net/v/t51.2885-19/440413697_401116732719429_390612100322075868_n.jpg,"6/8/2024, 8:47:27 AM"
2366499935,zlq02_,18026526983118762,Mana nih koin megatronnya kocak,https://www.instagram.com/zlq02_,https://instagram.fsub21-1.fna.fbcdn.net/v/t51.2885-19/425718021_1171737427129022_7874373683283586858_n.jpg,"6/8/2024, 8:47:37 AM"
45054648248,rahasiahatie,18029384420040280,"@rinomarcell ora usah kok suruh ....wes paham conggggg ,, wes tak penuhi kabeh syarate",https://www.instagram.com/rahasiahatie,https://instagram.fsub21-1.fna.fbcdn.net/v/t51.2885-19/133070192_839691543485958_1114371136186105664_n.jpg,"6/8/2024, 9:02:04 AM"
25926405090,rb_ulilalbab,18011270978199032,Tukang ngemis ğŸ˜‚,https://www.instagram.com/rb_ulilalbab,https://instagram.fsub21-1.fna.fbcdn.net/v/t51.2885-19/272624317_681552186336964_3923791205275713548_n.jpg,"6/8/2024, 9:20:18 AM"
53090317380,gusyono2005,18032358029072427,"@nugrohoputrautama baca yg lengkap bang, itu mau ditipu ngaku2 beacuk",https://www.instagram.com/gusyono2005,https://instagram.fsub21-1.fna.fbcdn.net/v/t51.2885-19/279092895_364768215705457_6933488769780501751_n.jpg,"6/8/2024, 9:51:51 AM"
53090317380,gusyono2005,17845104009236100,"CCTV nya ada tuh, dilihat dulu",https://www.instagram.com/gusyono2005,https://instagram.fsub21-1.fna.fbcdn.net/v/t51.2885-19/279092895_364768215705457_6933488769780501751_n.jpg,"6/8/2024, 9:54:46 AM"
2366499935,zlq02_,18437840143035372,@gusyono2005 mn? Case ny aj blm kelarğŸ˜‚,https://www.instagram.com/zlq02_,https://instagram.fsub21-1.fna.fbcdn.net/v/t51.2885-19/425718021_1171737427129022_7874373683283586858_n.jpg,"6/8/2024, 10:00:12 AM"
2366499935,zlq02_,17863362486151748,@gusyono2005 buzzer kocak,https://www.instagram.com/zlq02_,https://instagram.fsub21-1.fna.fbcdn.net/v/t51.2885-19/425718021_1171737427129022_7874373683283586858_n.jpg,"6/8/2024, 10:00:25 AM"
53090317380,gusyono2005,17948718305809738,"Komen boleh tp jgn ngasal, lihat fakta",https://www.instagram.com/gusyono2005,https://instagram.fsub21-1.fna.fbcdn.net/v/t51.2885-19/279092895_364768215705457_6933488769780501751_n.jpg,"6/8/2024, 10:02:24 AM"
2366499935,zlq02_,17920911275817565,"@gusyono2005 fakta mana? @medyrenaldy, bg koin udh nemu?ğŸ˜‚",https://www.instagram.com/zlq02_,https://instagram.fsub21-1.fna.fbcdn.net/v/t51.2885-19/425718021_1171737427129022_7874373683283586858_n.jpg,"6/8/2024, 10:02:53 AM"
2366499935,zlq02_,17884728990060396,@gusyono2005 makanya baca berita zer,https://www.instagram.com/zlq02_,https://instagram.fsub21-1.fna.fbcdn.net/v/t51.2885-19/425718021_1171737427129022_7874373683283586858_n.jpg,"6/8/2024, 10:03:08 AM"
8979244334,mamadian731,17998017065412245,wah keren Allahumma Barik itu ikan untuk resto2 besar dihk yah .1 ekor klu beli yg kecil kitaran $80 an mentah .ini dimasak pake kecap asin disiram minyak panas wuenake poll klu diresto 1 piring yo bisa 5rts ribuan cmiiw ğŸ‘,https://www.instagram.com/mamadian731,https://instagram.fsub21-1.fna.fbcdn.net/v/t51.2885-19/448005163_448396407785983_4252269191355909081_n.jpg,"6/8/2024, 10:08:07 AM"
49394970107,paijooajaaa,18003892406326992,"Uang,uang,uangğŸ¤‘ğŸ¤‘ğŸ¤‘ğŸ¤‘ğŸ¤‘ğŸ¤‘",https://www.instagram.com/paijooajaaa,https://instagram.fsub21-1.fna.fbcdn.net/v/t51.2885-19/447253042_943464834183679_9186612751556152490_n.jpg,"6/8/2024, 10:08:29 AM"
3882043975,rinomarcell,18037881211918991,"@rb_ulilalbab daripada lu,iq78 tukang komen tapi kegocek headline berita ajjjjj",https://www.instagram.com/rinomarcell,https://instagram.fsub21-1.fna.fbcdn.net/v/t51.2885-19/440413697_401116732719429_390612100322075868_n.jpg,"6/8/2024, 10:19:00 AM"
1836824700,beacukairi,18022216346229082,"@nurullashary Hal tersebut merupakan penipuan mengatasnamakan Bea Cukai yang terjadi pada April 2023

Cek video selengkapnya melalui tautan https://vt.tiktok.com/ZSYBMHkGd/",https://www.instagram.com/beacukairi,https://instagram.fsub21-1.fna.fbcdn.net/v/t51.2885-19/332330247_2001288650226312_6799836597591678610_n.jpg,"6/8/2024, 10:20:38 AM"
1836824700,beacukairi,18290688655160288,"Hal tersebut merupakan penipuan mengatasnamakan Bea Cukai yang terjadi April 2023

Berikut penjelasannya https://vt.tiktok.com/ZSYBMHkGd/",https://www.instagram.com/beacukairi,https://instagram.fsub21-1.fna.fbcdn.net/v/t51.2885-19/332330247_2001288650226312_6799836597591678610_n.jpg,"6/8/2024, 10:22:43 AM"
1836824700,beacukairi,18030267134034329,"@rahasiahatie Hal tersebut merupakan penipuan mengatasnamakan Bea Cukai yang terjadi April 2023

Berikut penjelasannya https://vt.tiktok.com/ZSYBMHkGd/",https://www.instagram.com/beacukairi,https://instagram.fsub21-1.fna.fbcdn.net/v/t51.2885-19/332330247_2001288650226312_6799836597591678610_n.jpg,"6/8/2024, 10:22:55 AM"
1836824700,beacukairi,18037892488935451,"=""@nurullashary Halo, Kak. Video dari Sdri. Yuni merupakan case penipuan mengatasnamakan Bea Cukai yang terjadi pada April 2023. Sudah kami respon dan konfirmasi bahwa hal tersebut adalah penipuan. Yuk, saring sebelum sharingğŸ˜Š Berita selengkapnya bisa ",https://www.instagram.com/beacukairi,https://instagram.fsub21-1.fna.fbcdn.net/v/t51.2885-19/332330247_2001288650226312_6799836597591678610_n.jpg,"6/8/2024, 10:22:56 AM"
1836824700,beacukairi,18005077409563542,"@deardeer_lia Hal tersebut merupakan penipuan mengatasnamakan Bea Cukai yang terjadi April 2023

Berikut penjelasannya https://vt.tiktok.com/ZSYBMHkGd/",https://www.instagram.com/beacukairi,https://instagram.fsub21-1.fna.fbcdn.net/v/t51.2885-19/332330247_2001288650226312_6799836597591678610_n.jpg,"6/8/2024, 10:25:44 AM"
1836824700,beacukairi,17969432810726662,"@dede_karkass Hal tersebut merupakan penipuan mengatasnamakan Bea Cukai yang terjadi April 2023

Berikut penjelasannya https://vt.tiktok.com/ZSYBMHkGd/",https://www.instagram.com/beacukairi,https://instagram.fsub21-1.fna.fbcdn.net/v/t51.2885-19/332330247_2001288650226312_6799836597591678610_n.jpg,"6/8/2024, 10:25:56 AM"
1836824700,beacukairi,18026305679135368,"@ssiiggiitt1978 Halo, Kak Sigit. Ada yang bisa dibantu mengenai kepabeanan dan cukai?ğŸ˜Š",https://www.instagram.com/beacukairi,https://instagram.fsub21-1.fna.fbcdn.net/v/t51.2885-19/332330247_2001288650226312_6799836597591678610_n.jpg,"6/8/2024, 10:33:45 AM"
3882043975,rinomarcell,18270408226233675,@manusianism udh cek pin feedsnya becuke belon? Itu penipuan mengatasnamakan becuk,https://www.instagram.com/rinomarcell,https://instagram.fsub21-1.fna.fbcdn.net/v/t51.2885-19/440413697_401116732719429_390612100322075868_n.jpg,"6/8/2024, 10:55:18 AM"
6695341938,narendhipta,17983841438677474,@nine_el96 kapan indonesia ini minat bacanya naik,https://www.instagram.com/narendhipta,https://instagram.fsub21-1.fna.fbcdn.net/v/t51.2885-19/436187810_454622913719869_5805445548410407450_n.jpg,"6/8/2024, 11:43:13 AM"
59474544953,kejoraibukota,18068348476534345,@nine_el96 yailah miskin kaya ada urusan sama beacukai aja,https://www.instagram.com/kejoraibukota,https://instagram.fsub21-1.fna.fbcdn.net/v/t51.2885-19/447872771_1158269672039955_959910396614854491_n.jpg,"6/8/2024, 12:43:26 PM"
59474544953,kejoraibukota,18102420172404342,@ssiiggiitt1978 bencong komen mulu,https://www.instagram.com/kejoraibukota,https://instagram.fsub21-1.fna.fbcdn.net/v/t51.2885-19/447872771_1158269672039955_959910396614854491_n.jpg,"6/8/2024, 1:06:33 PM"
53135665396,ryhannsution_,18152975251310695,tukang palak berkedok seragamğŸ˜¹,https://www.instagram.com/ryhannsution_,https://instagram.fsub21-1.fna.fbcdn.net/v/t51.2885-19/44884218_345707102882519_2446069589734326272_n.jpg,"6/8/2024, 1:22:58 PM"
5571840318,jodyraka69,17996857973438636,Yang setuju bea cukai di bubarkan =>,https://www.instagram.com/jodyraka69,https://instagram.fsub21-1.fna.fbcdn.net/v/t51.2885-19/445174841_863844215759356_7395101684861751529_n.jpg,"6/8/2024, 4:31:21 PM"
5356969187,trovuscape,18272031118225874,Cara dapat buyer luar negeri gimana ya,https://www.instagram.com/trovuscape,https://instagram.fsub21-1.fna.fbcdn.net/v/t51.2885-19/446008555_6384630641661987_3743172579046206762_n.jpg,"6/8/2024, 6:21:57 PM"
58730492227,zkyfadlah,18033326710990133,@nurullashary kalau dapat informasi dimedsos dibaca baikÂ² dan ditelusuri kredibilitasnya ya mbak.. bahaya soalnya kalau nyebar hoax tuh ğŸ˜…,https://www.instagram.com/zkyfadlah,https://instagram.fsub21-1.fna.fbcdn.net/v/t51.2885-19/441511661_916732883476041_3959440372653103884_n.jpg,"6/8/2024, 7:05:43 PM"
50933757,rizkyadhyaksa,18010683779227490,"=""Malam min. Izin tanya, sy punya NPWP dan kalau pesan barang dr inggris misal baju seharga GBP 250, saat di indo biaya yg harus dibayar wajib pajak dengan NPWP dan tanpa NPWP apakah ada perbedaan? Bagaimana cara mengurus supaya sy dikenakan biaya yg deng",https://www.instagram.com/rizkyadhyaksa,https://instagram.fsub21-1.fna.fbcdn.net/v/t51.2885-19/44884218_345707102882519_2446069589734326272_n.jpg,"6/8/2024, 8:11:21 PM"
402379796,rivanrinaldi,18437581684057916,ğŸ”¥ğŸ”¥ğŸ™Œ,https://www.instagram.com/rivanrinaldi,https://instagram.fsub21-1.fna.fbcdn.net/v/t51.2885-19/361991099_297765275990777_6575164164736482397_n.jpg,"6/7/2024, 5:24:30 PM"
2228755051,arsydnj,18016342058345080,Mantap ikan kerapu ğŸ”¥,https://www.instagram.com/arsydnj,https://instagram.fsub21-1.fna.fbcdn.net/v/t51.2885-19/411618561_383261420822163_6404937690124664983_n.jpg,"6/7/2024, 5:37:22 PM"
1927723515,primaageng,18025310962972427,@latafozoy wes pindah Ambon a?,https://www.instagram.com/primaageng,https://instagram.fsub21-1.fna.fbcdn.net/v/t51.2885-19/56165231_428172261060647_3406875983125413888_n.jpg,"6/7/2024, 5:51:40 PM"
5748789568,lil4_kal,17974758959592843,Eleh ğŸ¤£ğŸ¤£ğŸ¤£ğŸ¤£,https://www.instagram.com/lil4_kal,https://instagram.fsub21-1.fna.fbcdn.net/v/t51.2885-19/433105280_237484539374544_1577024184739824267_n.jpg,"6/7/2024, 6:13:41 PM"
388429211,ani_lestari77,18026396986965685,"Tapi yg impor minyak, gula, kedelei beras piye ?",https://www.instagram.com/ani_lestari77,https://instagram.fsub21-1.fna.fbcdn.net/v/t51.2885-19/66477893_476165752950671_6390000781906411520_n.jpg,"6/7/2024, 7:21:23 PM"
44186348424,ard.institute,18312841369150549,Ikan mahal kalo di meja makan Hongkong nih ğŸ”¥ğŸ”¥ğŸ”¥,https://www.instagram.com/ard.institute,https://instagram.fsub21-1.fna.fbcdn.net/v/t51.2885-19/272784670_357520865872797_3523359424583772511_n.jpg,"6/7/2024, 8:47:36 PM"
66900156418,salsaalkhairun,18010723124408044,"Ikan mahal ini, nelayan pasti happy. Bravo Bea Cukai ğŸ˜",https://www.instagram.com/salsaalkhairun,https://instagram.fdel16-1.fna.fbcdn.net/v/t51.2885-19/44884218_345707102882519_2446069589734326272_n.jpg,"6/7/2024, 9:34:18 PM"
19696790530,nine_el96,18325255045192249,"Kapan instansi ini kerja bener, malah malak terus",https://www.instagram.com/nine_el96,https://instagram.fsub21-1.fna.fbcdn.net/v/t51.2885-19/434305410_1759080934598405_5339238092568830734_n.jpg,"6/7/2024, 10:29:20 PM"
3228511530,nugrohoputrautama,18033745543951662,Gamis 200 ribu pajaknya 9 juta ğŸ¤£,https://www.instagram.com/nugrohoputrautama,https://instagram.fdel16-1.fna.fbcdn.net/v/t51.2885-19/44884218_345707102882519_2446069589734326272_n.jpg,"6/7/2024, 10:57:23 PM"
2121245466,deardeer_lia,18315780970198737,"Gamis 200 RB pajak 9.000.000, kalian pembunuh rakyat kecil seperti kami para TKI",https://www.instagram.com/deardeer_lia,https://instagram.fsub21-1.fna.fbcdn.net/v/t51.2885-19/417969615_751807046455664_2850774377480114289_n.jpg,"6/8/2024, 5:56:16 AM"
3882043975,rinomarcell,18293079514165362,"@ani_lestari77 lha sing impor opo bea cukaine to bozzzzz

Tanyakan pada pimpinan tertimggimu",https://www.instagram.com/rinomarcell,https://instagram.fsub21-1.fna.fbcdn.net/v/t51.2885-19/440413697_401116732719429_390612100322075868_n.jpg,"6/8/2024, 6:22:40 AM"
,,,,,,
User Id,Username,Comment Id,Comment Text,Profile URL,Profile Pic URL,Date
4189902983,rechtoepassing,18053923129618246,TerbaikğŸ”¥,https://www.instagram.com/rechtoepassing,https://instagram.fsub21-1.fna.fbcdn.net/v/t51.2885-19/419754826_671641041565609_2394544852299302677_n.jpg,"6/4/2024, 4:40:06 PM"
2228755051,arsydnj,18008512409263191,â¤ï¸ termantap,https://www.instagram.com/arsydnj,https://instagram.fsub21-1.fna.fbcdn.net/v/t51.2885-19/411618561_383261420822163_6404937690124664983_n.jpg,"6/4/2024, 4:43:39 PM"
30985270513,brainstrongmann,18438742015026430,"Sangat menginspirasi, bermanfaat utk yg lain..",https://www.instagram.com/brainstrongmann,https://instagram.fsub21-1.fna.fbcdn.net/v/t51.2885-19/329945036_3380174082234438_6371413271964914569_n.jpg,"6/4/2024, 5:25:49 PM"
287815384,mnazariady,18066115420557596,ğŸ™ŒğŸ™Œ,https://www.instagram.com/mnazariady,https://instagram.fsub21-1.fna.fbcdn.net/v/t51.2885-19/391210799_542593021364623_2272600037838945337_n.jpg,"6/4/2024, 5:56:48 PM"
7911620526,becepunya,18008490413261848,Mantaaab ğŸ”¥ğŸ”¥,https://www.instagram.com/becepunya,https://instagram.fsub21-1.fna.fbcdn.net/v/t51.2885-19/161483935_464858104942099_3076659435449619506_n.jpg,"6/4/2024, 6:20:48 PM"
3527465573,agenbolasyariah,17876858052087931,ğŸ”¥,https://www.instagram.com/agenbolasyariah,https://instagram.fsub21-1.fna.fbcdn.net/v/t51.2885-19/14561825_219025331861455_7496912754297536512_a.jpg,"6/4/2024, 7:01:05 PM"
44527154541,tf_chars,18067013227548936,Mana nih yang mau julid? Oh iya topiknya terlalu positif ga asik buat pansos. ğŸ˜‚,https://www.instagram.com/tf_chars,https://instagram.fsub21-1.fna.fbcdn.net/v/t51.2885-19/348851008_793549275431289_4529616823897271378_n.jpg,"6/4/2024, 10:40:48 PM"
3409287124,vixcelalvaro0x,17861479230158851,bubarkan beacukai,https://www.instagram.com/vixcelalvaro0x,https://instagram.fsub21-1.fna.fbcdn.net/v/t51.2885-19/414183207_390110980052368_2925750179223750372_n.jpg,"6/4/2024, 11:22:21 PM"
2121259826,bar_kahh,17980344239535681,@tf_chars B aja bang itu kan masih milik negara juga bukan iuran gajihnya ğŸ˜‚,https://www.instagram.com/bar_kahh,https://instagram.fsub21-1.fna.fbcdn.net/v/t51.2885-19/403840447_334432682706594_1169477294671607829_n.jpg,"6/5/2024, 4:30:58 AM"
64760769428,rommyisrawan69,17842574409244859,Instansi kang palak,https://www.instagram.com/rommyisrawan69,https://instagram.fsub21-1.fna.fbcdn.net/v/t51.2885-19/445474199_819012446313706_5144053310881307397_n.jpg,"6/5/2024, 8:46:11 AM"
37048057219,myfuture.id,17998305002398076,web beacukai kok ga bisa di buka yah?,https://www.instagram.com/myfuture.id,https://instagram.fsub21-1.fna.fbcdn.net/v/t51.2885-19/125769276_197530191841361_1600785962544213062_n.jpg,"6/5/2024, 11:10:30 AM"
26193352564,syahnaz.png,18045908458753497,Webb erorr,https://www.instagram.com/syahnaz.png,https://instagram.fsub21-1.fna.fbcdn.net/v/t51.2885-19/438331654_446581094393294_1585683725931494941_n.jpg,"6/5/2024, 12:08:06 PM"
260309630,verdianekka,18005216792576234,oh ini yg kardus kosong suruh bayar 500 rb?? ğŸ˜‚ğŸ˜‚ğŸ˜‚ğŸ˜‚,https://www.instagram.com/verdianekka,https://instagram.fsub21-1.fna.fbcdn.net/v/t51.2885-19/442397881_1147110533095949_5311403762859252407_n.jpg,"6/5/2024, 12:32:03 PM"
2178100126,kingleonidasss,18031263719050944,Hibah dri duit hasil nyolong duit penumpang pesawat,https://www.instagram.com/kingleonidasss,https://instagram.fsub21-1.fna.fbcdn.net/v/t51.2885-19/327426692_923928755303826_664074546473936362_n.jpg,"6/5/2024, 2:07:19 PM"
37248906820,agunglark,18043870789677223,Bayar buzzerp pake duit negara kah?,https://www.instagram.com/agunglark,https://instagram.fsub21-1.fna.fbcdn.net/v/t51.2885-19/103714712_2592015761065941_6538524147114342262_n.jpg,"6/5/2024, 2:52:15 PM"
49380153585,noir_xzaviero,18129127333354454,Beacuki,https://www.instagram.com/noir_xzaviero,https://instagram.fsub21-1.fna.fbcdn.net/v/t51.2885-19/323361032_164413969741834_9094815163780603514_n.jpg,"6/5/2024, 3:43:37 PM"
63228456462,farida_sholichah,17953132940789621,@bar_kahh palingan juga duit hasil....,https://www.instagram.com/farida_sholichah,https://instagram.fsub21-1.fna.fbcdn.net/v/t51.2885-19/412528041_1006506833753227_6791279313794589180_n.jpg,"6/5/2024, 4:27:56 PM"
30597842243,bilnarayan85,18032264455855963,Apasi kok dipuji,https://www.instagram.com/bilnarayan85,https://instagram.fluh3-2.fna.fbcdn.net/v/t51.2885-19/44884218_345707102882519_2446069589734326272_n.jpg,"6/5/2024, 7:49:19 PM"
1333537699,yogisaputraa12,18061975597516357,Preman berseragam,https://www.instagram.com/yogisaputraa12,https://instagram.fsub21-1.fna.fbcdn.net/v/t51.2885-19/358045615_278360444775872_581820187690937774_n.jpg,"6/5/2024, 8:59:36 PM"
178117474,dhionpp,17963112683763591,"Dalam sejarahnya, kapalÂ² eks BC selalu dinanti oleh instansi lain. Karena senantiasa terawat dengan baik.",https://www.instagram.com/dhionpp,https://instagram.fsub21-1.fna.fbcdn.net/v/t51.2885-19/334617439_764474348434917_2869883900927185855_n.jpg,"6/6/2024, 8:26:59 AM"
58730492227,zkyfadlah,17938596278833065,@yogisaputraa12 knp anda bisa berpikir begitu? Toh kinerja secara kelembagaan nya bagus masğŸ˜‚,https://www.instagram.com/zkyfadlah,https://instagram.fsub21-1.fna.fbcdn.net/v/t51.2885-19/441511661_916732883476041_3959440372653103884_n.jpg,"6/6/2024, 4:31:59 PM"
63070689115,syahnazamelia,17854744143195349,Terima kasih Bea Cukai untuk bantuan hibah speedboat nya,https://www.instagram.com/syahnazamelia,https://instagram.fluh3-2.fna.fbcdn.net/v/t51.2885-19/44884218_345707102882519_2446069589734326272_n.jpg,"6/6/2024, 7:34:14 PM"
1610322591,m.i_id,18061109575574413,@tf_chars topiknya ga menarik ğŸ¤£,https://www.instagram.com/m.i_id,https://instagram.fsub21-1.fna.fbcdn.net/v/t51.2885-19/353617540_630827578958310_6124041777080725184_n.jpg,"6/7/2024, 1:03:32 AM"
65884486931,ahoybangbara4,18025736867165511,HAHAHAHA,https://www.instagram.com/ahoybangbara4,https://instagram.fsub21-1.fna.fbcdn.net/v/t51.2885-19/439118604_7379629972104449_8638671580207897501_n.jpg,"6/7/2024, 5:37:36 AM"
33040886559,rovancristian,18438672451018380,@bilnarayan85 palingan yg muji itu msih akun2 pegawainya kak ğŸ˜‚ğŸ˜‚,https://www.instagram.com/rovancristian,https://instagram.fsub21-1.fna.fbcdn.net/v/t51.2885-19/418056783_7661316420562782_1686685676410419507_n.jpg,"6/7/2024, 11:01:45 AM"
16584874837,yusman3744,17851469691210508,"@kingleonidasss ga nyambung, itu mah kapal pengadaan negara bosss!",https://www.instagram.com/yusman3744,https://instagram.fsub21-1.fna.fbcdn.net/v/t51.2885-19/441221289_317444504780144_1209855937133015942_n.jpg,"6/8/2024, 12:29:25 PM"
16584874837,yusman3744,18050959285661394,@agunglark ya tanya lah sama yang bayar lu. Jadi buzzer dapet berapa sih bang?,https://www.instagram.com/yusman3744,https://instagram.fsub21-1.fna.fbcdn.net/v/t51.2885-19/441221289_317444504780144_1209855937133015942_n.jpg,"6/8/2024, 12:30:13 PM"
